"source_sheet","source_row","site","room","room_2","capacity","category","type","webrule","owner","area","link_code","campus"
"Sheet1","2","Susx Plc","WLT","Wolfson Lecture Theatre","82","LECT","Tiered","DPO","SPMT","159.30000000000001","LT Wolfson (82+FA)","SUSX"
"Sheet1","3","Susx Plc","Quad_Upper","Upper Quad Area","100","FCTN","Function","ALL","SPMT","169","Upper Quad","SUSX"
"Sheet1","4","SOC","SO.L1.101","Upper Link Bridge","60","Standing","Function","SPMT","SPMT","","Lower Link Bridge","SUSX"
"Sheet1","5","Susx Plc","Transmed_LT","Transmed Lecture Theatre","59","LECT","Tiered","EXEC","SPMT","125.33","LT Transmed (59+FA)","SUSX"
"Sheet1","6","Susx Plc","Sussex_Room","Sussex Room","14","Boardroom","Function","ALL","SPMT","29.99","Sussex Room (7)","SUSX"
"Sheet1","7","SOC","SO.W3.12","SO.W3.12 Seminar Room","8","SEMINAR","Flat","STUDENT/STAFF","SPMT","15.56","SO.W3.12 (8)","SUSX"
"Sheet1","8","SOC","SO.W3.10","SO.W3.10 Seminar Room","8","SEMINAR","Flat","STUDENT/STAFF","SPMT","16.59","SO.W3.10 (8)","SUSX"
"Sheet1","9","SOC","SO.W3.09","SO.W3.09 Seminar Room","8","SEMINAR","Flat","STUDENT/STAFF","SPMT","17.12","SO.W3.09 (8)","SUSX"
"Sheet1","10","SOC","SO.W3.08","SO.W3.08 Seminar Room","6","SEMINAR","Flat","STUDENT/STAFF","SPMT","13.45","SO.W3.08 (6)","SUSX"
"Sheet1","11","SOC","SO.W3.07","SO.W3.07 Seminar Room","6","SEMINAR","Flat","STUDENT/STAFF","SPMT","12.83","SO.W3.07 (6)","SUSX"
"Sheet1","12","SOC","SO.W3.06","SO.W3.06 Seminar Room","6","SEMINAR","Flat","STUDENT/STAFF","SPMT","12.74","SO.W3.06 (6)","SUSX"
"Sheet1","13","SOC","SO.W3.05","SO.W3.05 Seminar Room","6","SEMINAR","Flat","STUDENT/STAFF","SPMT","12.83","SO.W3.05 (6)","SUSX"
"Sheet1","14","SOC","SO.W3.04","SO.W3.04 Neill Family Room","6","SEMINAR","Flat","STUDENT/STAFF","SPMT","13.51","SO.W3.04 (6)","SUSX"
"Sheet1","15","SOC","SO.W3.03","SO.W3.03 Carlsson Family Foundation Director's Room","16","Boardroom","Flat","SPMT","SPMT","45.2","W3.03 (16) Carlsson","SUSX"
"Sheet1","16","SOC","SO.W3.02","SO.W3.02 The Sir John Ritblat Boardroom","30","Boardroom","Flat","SPMT","SPMT","70.239999999999995","W3.02 (30) Sir John","SUSX"
"Sheet1","17","SOC","SO.W3.01","SO.W3.01 Heritage Meeting Room","6","MEET","Flat","SPMT","SPMT","26.93","W3.01 (6) Heritage","SUSX"
"Sheet1","18","SOC","SO.W2.11","SO.W2.11 Seminar Room","8","SEMINAR","Flat","STUDENT/STAFF","SPMT","22.8","SO.W2.11 (8)","SUSX"
"Sheet1","19","SOC","SO.W2.10","SO.W2.10 Seminar Room","12","SEMINAR","Flat","STUDENT/STAFF","SPMT","29.63","SO.W2.10 (12) Credz","SUSX"
"Sheet1","20","SOC","SO.W2.09","SO.W2.09 Seminar Room","12","SEMINAR","Flat","STUDENT/STAFF","SPMT","29.52","SO.W2.09 (12) Credz","SUSX"
"Sheet1","21","SOC","SO.W2.08","SO.W2.08 Seminar Room","12","SEMINAR","Flat","STUDENT/STAFF","SPMT","34.880000000000003","SO.W2.08 (12) Credz","SUSX"
"Sheet1","22","SOC","SO.W2.07","SO.W2.07 Seminar Room","8","SEMINAR","Flat","STUDENT/STAFF","SPMT","18.510000000000002","SO.W2.07 (8)","SUSX"
"Sheet1","23","SOC","SO.W2.04","SO.W2.04 Alumni Meeting Room","10","MEET","Flat","ALUMNI","SPMT","","W2.04 (10) Alumni","SUSX"
"Sheet1","24","SOC","SO.W2.02","SO.W2.02 Finance Suite","6","Bloomberg","Flat","SPMT","SPMT","","W2.02 (6) Bloomberg","SUSX"
"Sheet1","25","SOC","SO.W2.01","SO.W2.01 Finance Suite","10","Bloomberg","Flat","SPMT","SPMT","","W2.01 (10) Bloomberg","SUSX"
"Sheet1","26","SOC","SO.W1.08","SO.W1.08 Faculty Room","6","Faculty","Flat","SPMT","SPMT","","FACULTY OFFICE","SUSX"
"Sheet1","27","SOC","SO.W1.05","SO.W1.05 Seminar Room","10","SEMINAR","Flat","STUDENT/STAFF","SPMT","21.49","SO.W1.05 (10) Credz","SUSX"
"Sheet1","28","SOC","SO.W0.03","SO.W0.03 Library Meeting Room","8","SEMINAR","Flat","SPMT","SPMT","15.93","SO.W0.03 (8) Library","SUSX"
"Sheet1","29","SOC","SO.E4.01","SO.E4.01 Executive ""Terrace"" Meeting Room","22","Boardroom","Flat","SPMT","SPMT","61.63","E4.01 (22) Terrace","SUSX"
"Sheet1","30","SOC","SO.E3.14","SO.E3.14 Seminar Room","8","SEMINAR","Flat","STUDENT/STAFF","SPMT","","SO.E3.14 (8)","SUSX"
"Sheet1","31","SOC","SO.E3.13","SO.E3.13 Khalid Abdulatif Alhamad Room","6","SEMINAR","Flat","STUDENT/STAFF","SPMT","","SO.E3.13 (6)","SUSX"
"Sheet1","32","SOC","SO.E3.12","SO.E3.12 Seminar Room","10","SEMINAR","Flat","STUDENT/STAFF","SPMT","","SO.E3.12 (10) Credz","SUSX"
"Sheet1","33","SOC","SO.E3.11","SO.E3.11 Seminar Room","8","SEMINAR","Flat","STUDENT/STAFF","SPMT","","SO.E3.11 (8)","SUSX"
"Sheet1","34","SOC","SO.E3.10","SO.E3.10 Seminar Room","8","SEMINAR","Flat","STUDENT/STAFF","SPMT","","SO.E3.10 (8)","SUSX"
"Sheet1","35","SOC","SO.E3.09","SO.E3.09 Seminar Room","6","SEMINAR","Flat","STUDENT/STAFF","SPMT","","SO.E3.09 (6)","SUSX"
"Sheet1","36","SOC","SO.E3.08","SO.E3.08 Seminar Room","8","SEMINAR","Flat","STUDENT/STAFF","SPMT","","SO.E3.08 (8)","SUSX"
"Sheet1","37","SOC","SO.E3.07","SO.E3.07 Seminar Room","8","SEMINAR","Flat","STUDENT/STAFF","SPMT","","SO.E3.07 (8)","SUSX"
"Sheet1","38","SOC","SO.E3.06","SO.E3.06 Meeting Room","2","SEMINAR","Flat","STUDENT/STAFF","SPMT","","SO.E3.06 (2)","SUSX"
"Sheet1","39","SOC","SO.E3.05","SO.E3.05 Meeting Room","2","SEMINAR","Flat","STUDENT/STAFF","SPMT","","SO.E3.05 (2)","SUSX"
"Sheet1","40","SOC","SO.E3.04","SO.E3.04 Seminar Room","8","SEMINAR","Flat","STUDENT/STAFF","SPMT","","SO.E3.04 (8)","SUSX"
"Sheet1","41","SOC","SO.E3.03","SO.E3.03 Seminar Room","8","SEMINAR","Flat","STUDENT/STAFF","SPMT","","SO.E3.03 (8)","SUSX"
"Sheet1","42","SOC","SO.E3.02","SO.E3.02 Seminar Room","10","SEMINAR","Flat","STUDENT/STAFF","SPMT","","SO.E3.02 (10) Credz","SUSX"
"Sheet1","43","SOC","SO.E3.01","SO.E3.01 Eric and Marion Taylor Room","12","SEMINAR","Flat","STUDENT/STAFF","SPMT","","SO.E3.01 (12) Credz","SUSX"
"Sheet1","44","SOC","SO.E2.03","SO.E2.03 Seminar Room","8","SEMINAR","Flat","STUDENT/STAFF","SPMT","","SO.E2.03 (8)","SUSX"
"Sheet1","45","SOC","SO.E2.02","SO.E2.02 Tongyoi Songprapa Room","6","SEMINAR","Flat","STUDENT/STAFF","SPMT","","SO.E2.02 (6)","SUSX"
"Sheet1","46","SOC","SO.E2.01","SO.E2.01 Seminar Room","12","SEMINAR","Flat","STUDENT/STAFF","SPMT","","SO.E2.01 (12) Credz","SUSX"
"Sheet1","47","SOC","SO.E1.08","SO.E1.08 Rami Makhzoumi Room","8","SEMINAR","Flat","STUDENT/STAFF","SPMT","","SO.E1.08 (8)","SUSX"
"Sheet1","48","SOC","SO.E1.07","SO.E1.07 Patrick Cullinan Room","6","SEMINAR","Flat","STUDENT/STAFF","SPMT","","SO.E1.07 (6)","SUSX"
"Sheet1","49","SOC","SO.E1.06","SO.E1.06 The Eagles Room","4","SEMINAR","Flat","STUDENT/STAFF","SPMT","","SO.E1.06 (4)","SUSX"
"Sheet1","50","SOC","SO.E1.05","SO.E1.05 Seminar Room","10","SEMINAR","Flat","STUDENT/STAFF","SPMT","","SO.E1.05 (10) Credz","SUSX"
"Sheet1","51","SOC","SO.E1.04","SO.E1.04 Flat Floor Room","22","Boardroom","Flat","SPMT","SPMT","0","SO.E1.04 (24)","SUSX"
"Sheet1","52","SOC","SO.E1.03","SO.E1.03 Vina Mak and Vincent Mak Room","22","Boardroom","Flat","SPMT","SPMT","0","SO.E1.03 (24)","SUSX"
"Sheet1","53","SOC","SO.E1.02","SO.E1.02 Seminar Room","8","SEMINAR","Flat","STUDENT/STAFF","SPMT","","SO.E1.02 (8)","SUSX"
"Sheet1","54","SOC","SO.E1.01","SO.E1.01 Mohamed A. Althani and Hanadi N. Althani Room","6","SEMINAR","Flat","STUDENT/STAFF","SPMT","","SO.E1.01 (6)","SUSX"
"Sheet1","55","SOC","SO.E0.08","SO.E0.08 Paul Goddard and Liza Overs Room","8","SEMINAR","Flat","STUDENT/STAFF","SPMT","","SO.E0.08 (8)","SUSX"
"Sheet1","56","SOC","SO.E0.07","SO.E0.07 Seminar Room","6","SEMINAR","Flat","STUDENT/STAFF","SPMT","","SO.E0.07 (6)","SUSX"
"Sheet1","57","SOC","SO.E0.06","SO.E0.06 Seminar Room","8","SEMINAR","Flat","STUDENT/STAFF","SPMT","","SO.E0.06 (8)","SUSX"
"Sheet1","58","SOC","SO.E0.05","SO.E0.05 Seminar Room","4","SEMINAR","Flat","STUDENT/STAFF","SPMT","0","SO.E0.05 (8)","SUSX"
"Sheet1","59","SOC","SO.E0.04","SO.E0.04 Seminar Room","12","SEMINAR","Flat","STUDENT/STAFF","SPMT","","SO.E0.04 (12) Credz","SUSX"
"Sheet1","60","SOC","LT19","SO.E.19 David and Molly Pyott Foundation Lecture Theatre LT19","100","LECT","Tiered","SPMT","SPMT","","LT19 (100+FA)","SUSX"
"Sheet1","61","SOC","LT18","SO.E.18 David and Molly Pyott Foundation Lecture Theatre LT18","100","LECT","Tiered","SPMT","SPMT","","LT18 (100+FA)","SUSX"
"Sheet1","62","SOC","LT17","SO.E.17 Kwok Lecture Theatre LT17","87","LECT","Tiered","SPMT","SPMT","","LT17 (87+FA)","SUSX"
"Sheet1","63","SOC","LT16","SO.E.16 Lecture Theatre LT16","89","LECT","Tiered","SPMT","SPMT","","LT16 (89+FA)","SUSX"
"Sheet1","64","SOC","LT15","SO.E.15 Graduating Class Gift Lecture Theatre LT15","86","LECT","Tiered","SPMT","SPMT","","LT15 (86+FA)","SUSX"
"Sheet1","65","SOC","LT14","SO.E.14 Lecture Theatre LT14","87","LECT","Tiered","SPMT","SPMT","","LT14 (87+FA)","SUSX"
"Sheet1","66","SOC","SOC_Reception","Sammy Ofer Registration Desk","4","Reception","Flat","SPMT","SPMT","","Registration Desk","SUSX"
"Sheet1","67","Susx Plc","RG09","RG09 Seminar Room (Park side)","5","SEMINAR","Flat","STUDENT/STAFF","SPMT","11.54","RG09 (5) Park","SUSX"
"Sheet1","68","Susx Plc","RG08","RG08 Seminar Room (Park side)","6","SEMINAR","Flat","STUDENT/STAFF","SPMT","17.510000000000002","RG08 (6) Park","SUSX"
"Sheet1","69","Susx Plc","RG07","RG07 Seminar Room (Park side)","6","SEMINAR","Flat","STUDENT/STAFF","SPMT","17.510000000000002","RG07 (6) Park","SUSX"
"Sheet1","70","Susx Plc","RG05","RG05 Seminar Room","6","SEMINAR","Flat","STUDENT/STAFF","SPMT","23.01","RG05 (6)","SUSX"
"Sheet1","71","Susx Plc","RG04","RG04 Seminar Room","6","SEMINAR","Flat","STUDENT/STAFF","SPMT","17.32","RG04 (6)","SUSX"
"Sheet1","72","Susx Plc","RG03","RG03 Seminar Room","6","SEMINAR","Flat","STUDENT/STAFF","SPMT","16.78","RG03 (6)","SUSX"
"Sheet1","73","Susx Plc","RG02","RG02 Seminar Room","6","SEMINAR","Flat","STUDENT/STAFF","SPMT","16.7","RG02 (6)","SUSX"
"Sheet1","74","Susx Plc","RG01","RG01 Seminar Room","6","SEMINAR","Flat","STUDENT/STAFF","SPMT","16.489999999999998","RG01 (6)","SUSX"
"Sheet1","75","Susx Plc","Regents_Room","Regents Room","27","Buffet","Function","ALL","SPMT","45.9","Regents Room","SUSX"
"Sheet1","76","Susx Plc","Ratcliffe_Welcome_Desk","Ratcliffe Welcome Desk","4","LOBBY","Flat","ALL","SPMT","1","Ratcliffe Welcome","SUSX"
"Sheet1","77","Susx Plc","Ratcliffe_Recptn_OS","Ratcliffe Reception Outside","10","Reception","Flat","ALL","SPMT","17.07","Ratcliffe Outside","SUSX"
"Sheet1","78","Susx Plc","Ratcliffe_Main_Entr_Lift","Ratcliffe Main Entrance (Liftside)","4","Reception","Flat","ALL","SPMT","17.07","Main Entrance (Lift)","SUSX"
"Sheet1","79","Susx Plc","Ratcliffe_Main_Entrance","Ratcliffe Main Entrance","4","Reception","Flat","ALL","SPMT","17.07","Main Entrance","SUSX"
"Sheet1","80","Susx Plc","Ratcliffe_Main_Entrance","Ratcliffe Main Entrance","4","Reception","Flat","ALL","SPMT","17.07","Main Entrance","SUSX"
"Sheet1","81","Susx Plc","RLG_Platform","Ratcliffe Lower Ground Platform & Foyer","40","Buffet","Function","ALL","SPMT","0","LG Platform & Foyer","SUSX"
"Sheet1","82","Susx Plc","R215","R215 Conference Room","16","MEET","Flat","SPMT","SPMT","42.44","R215 (16)","SUSX"
"Sheet1","83","Susx Plc","R118","R118 Seminar Room","10","SEMINAR","Flat","STUDENT/STAFF","SPMT","25.45","R118 (10)","SUSX"
"Sheet1","84","Susx Plc","R117","R117 Seminar Room","10","SEMINAR","Flat","STUDENT/STAFF","SPMT","31.19","R117 (10)","SUSX"
"Sheet1","85","Susx Plc","R116","R116 Seminar Room","10","SEMINAR","Flat","STUDENT/STAFF","SPMT","31.44","R116 (10)","SUSX"
"Sheet1","86","Susx Plc","R115","R115 Seminar Room","10","SEMINAR","Flat","STUDENT/STAFF","SPMT","32.42","R115 (10)","SUSX"
"Sheet1","87","Susx Plc","R114","R114 Seminar Room","10","SEMINAR","Flat","STUDENT/STAFF","SPMT","30.12","R114 (10)","SUSX"
"Sheet1","88","Susx Plc","R113","R113 Seminar Room (Park side)","8","SEMINAR","Flat","STUDENT/STAFF","SPMT","18.399999999999999","R113 (8) Park","SUSX"
"Sheet1","89","Susx Plc","R112","R112 Seminar Room (Park side)","8","SEMINAR","Flat","STUDENT/STAFF","SPMT","21.37","R112 (8) Park","SUSX"
"Sheet1","90","Susx Plc","R111","R111 Seminar Room (Park side)","8","SEMINAR","Flat","STUDENT/STAFF","SPMT","20.420000000000002","R111 (8) Park","SUSX"
"Sheet1","91","Susx Plc","R106","R106 Seminar Room (Park side)","8","SEMINAR","Flat","STUDENT/STAFF","SPMT","18.079999999999998","R106 (8) Park","SUSX"
"Sheet1","92","Susx Plc","R105","R105 Seminar Room (Park side)","8","SEMINAR","Flat","STUDENT/STAFF","SPMT","18.96","R105 (8) Park","SUSX"
"Sheet1","93","Susx Plc","R104","R104 Seminar Room (Park side)","8","SEMINAR","Flat","STUDENT/STAFF","SPMT","16.43","R104 (8) Park","SUSX"
"Sheet1","94","Susx Plc","R103","R103 Seminar Room","10","SEMINAR","Flat","STUDENT/STAFF","SPMT","31.26","R103 (10)","SUSX"
"Sheet1","95","Susx Plc","R102","R102 Seminar Room","10","SEMINAR","Flat","STUDENT/STAFF","SPMT","33.65","R102 (10)","SUSX"
"Sheet1","96","Susx Plc","R110-D3","R100 Hotdesk 3","1","PM Desk","Flat","SPMT","EXECED","","R100-D3","SUSX"
"Sheet1","97","Susx Plc","R110-D2","R100 Hotdesk 2","1","PM Desk","Flat","SPMT","EXECED","","R100-D2","SUSX"
"Sheet1","98","Susx Plc","R110-D1","R100 Hotdesk 1","1","PM Desk","Flat","SPMT","EXECED","","R100-D1","SUSX"
"Sheet1","99","Susx Plc","R1Lounge_LT09_End","R1 Lounge LT9 End","80","Fork","","","SPMT","0","R1 Lounge LT9  End","SUSX"
"Sheet1","100","Susx Plc","R1Lounge_LT09_End","R1 Lounge LT9 End","90","Standing","Function","ALL","SPMT","","R1 Lounge LT9  End","SUSX"
"Sheet1","101","Susx Plc","R1Lounge_LT10_End","R1 Lounge LT10 End","40","Buffet","Function","ALL","SPMT","","R1 Lounge LT10 End","SUSX"
"Sheet1","102","Susx Plc","Plowden_Reception","Plowden Reception","10","Reception","Flat","ALL","SPMT","17.07","Plowden Reception","SUSX"
"Sheet1","103","Susx Plc","PB-LAB","Plowden Basement Computer Lab","91","PC LAB","Flat","DPO","SPMT","112.21","PB-Lab (91)","SUSX"
"Sheet1","104","Susx Plc","PG02_T1_p","PG02 T1 (PS)","8","MEET","Flat","LOCAL","SPMT","","PG02 T1 (PS) (8)","SUSX"
"Sheet1","105","Susx Plc","PG02_D42_h","PG02 D42 h-adj","1","Desk","Flat","LOCAL","SPMT","","PG02 D42 (h)","SUSX"
"Sheet1","106","Susx Plc","PG02_D41","PG02 D41","1","Desk","Flat","LOCAL","SPMT","","PG02 D41","SUSX"
"Sheet1","107","Susx Plc","PG02_D40","PG02 D40","1","Desk","Flat","LOCAL","SPMT","","PG02 D40","SUSX"
"Sheet1","108","Susx Plc","PG02_D39_h","PG02 D39 h-adj","1","Desk","Flat","LOCAL","SPMT","","PG02 D39 (h)","SUSX"
"Sheet1","109","Susx Plc","PG02_D38","PG02 D38","1","Desk","Flat","LOCAL","SPMT","","PG02 D38","SUSX"
"Sheet1","110","Susx Plc","PG02_D37","PG02 D37","1","Desk","Flat","LOCAL","SPMT","","PG02 D37","SUSX"
"Sheet1","111","Susx Plc","PG02_D36_h","PG02 D36 h-adj","1","Desk","Flat","LOCAL","SPMT","","PG02 D36 (h)","SUSX"
"Sheet1","112","Susx Plc","PG02_D35_h","PG02 D35 h-adj","1","Desk","Flat","LOCAL","SPMT","","PG02 D35 (h)","SUSX"
"Sheet1","113","Susx Plc","PG02_D34","PG02 D34","1","Desk","Flat","LOCAL","SPMT","","PG02 D34","SUSX"
"Sheet1","114","Susx Plc","PG02_D33","PG02 D33","1","Desk","Flat","LOCAL","SPMT","","PG02 D33","SUSX"
"Sheet1","115","Susx Plc","PG02_D32","PG02 D32","1","Desk","Flat","LOCAL","SPMT","","PG02 D32","SUSX"
"Sheet1","116","Susx Plc","PG02_D31_h","PG02 D31 h-adj","1","Desk","Flat","LOCAL","SPMT","","PG02 D31 (h)","SUSX"
"Sheet1","117","Susx Plc","PG02_D30_h","PG02 D30 h-adj","1","Desk","Flat","LOCAL","SPMT","","PG02 D30 (h)","SUSX"
"Sheet1","118","Susx Plc","PG02_D29","PG02 D29","1","Desk","Flat","LOCAL","SPMT","","PG02 D29","SUSX"
"Sheet1","119","Susx Plc","PG02_D28","PG02 D28","1","Desk","Flat","LOCAL","SPMT","","PG02 D28","SUSX"
"Sheet1","120","Susx Plc","PG02_D27","PG02 D27","1","Desk","Flat","LOCAL","SPMT","","PG02 D27","SUSX"
"Sheet1","121","Susx Plc","PG02_D26","PG02 D26","1","Desk","Flat","LOCAL","SPMT","","PG02 D26","SUSX"
"Sheet1","122","Susx Plc","PG02_D25_h","PG02 D25 h-adj","1","Desk","Flat","LOCAL","SPMT","","PG02 D25 (h)","SUSX"
"Sheet1","123","Susx Plc","PG02_D24_h","PG02 D24 h-adj","1","Desk","Flat","LOCAL","SPMT","","PG02 D24 (h)","SUSX"
"Sheet1","124","Susx Plc","PG02_D23","PG02 D23","1","Desk","Flat","LOCAL","SPMT","","PG02 D23","SUSX"
"Sheet1","125","Susx Plc","PG02_D21","PG02 D21","1","Desk","Flat","LOCAL","SPMT","","PG02 D21","SUSX"
"Sheet1","126","Susx Plc","PG02_D20","PG02 D20","1","Desk","Flat","LOCAL","SPMT","","PG02 D20","SUSX"
"Sheet1","127","Susx Plc","PG02_D19","PG02 D19","1","Desk","Flat","LOCAL","SPMT","","PG02 D19","SUSX"
"Sheet1","128","Susx Plc","PG02_D18_h","PG02 D18 h-adj","1","Desk","Flat","LOCAL","SPMT","","PG02 D18 (h)","SUSX"
"Sheet1","129","Susx Plc","PG02_D17","PG02 D17","1","Desk","Flat","LOCAL","SPMT","","PG02 D17","SUSX"
"Sheet1","130","Susx Plc","PG02_D16","PG02 D16","1","Desk","Flat","LOCAL","SPMT","","PG02 D16","SUSX"
"Sheet1","131","Susx Plc","PG02_D15","PG02 D15","1","Desk","Flat","LOCAL","SPMT","","PG02 D15","SUSX"
"Sheet1","132","Susx Plc","PG02_D14","PG02 D14","1","Desk","Flat","LOCAL","SPMT","","PG02 D14","SUSX"
"Sheet1","133","Susx Plc","PG02_D13_h","PG02 D13 h-adj","1","Desk","Flat","LOCAL","SPMT","","PG02 D13 (h)","SUSX"
"Sheet1","134","Susx Plc","PG02_D12_h","PG02 D12 h-adj","1","Desk","Flat","LOCAL","SPMT","","PG02 D12 (h)","SUSX"
"Sheet1","135","Susx Plc","PG02_D11","PG02 D11","1","Desk","Flat","LOCAL","SPMT","","PG02 D11","SUSX"
"Sheet1","136","Susx Plc","PG02_D10_h","PG02 D10 h-adj","1","Desk","Flat","LOCAL","SPMT","","PG02 D10 (h)","SUSX"
"Sheet1","137","Susx Plc","PG02_D09","PG02 D09","1","Desk","Flat","LOCAL","SPMT","","PG02 D9","SUSX"
"Sheet1","138","Susx Plc","PG02_D08","PG02 D08","1","Desk","Flat","LOCAL","SPMT","","PG02 D8","SUSX"
"Sheet1","139","Susx Plc","PG02_D07","PG02 D07","1","Desk","Flat","LOCAL","SPMT","","PG02 D7","SUSX"
"Sheet1","140","Susx Plc","PG02_D06","PG02 D06","1","Desk","Flat","LOCAL","SPMT","","PG02 D6","SUSX"
"Sheet1","141","Susx Plc","PG02_D05","PG02 D05","1","Desk","Flat","LOCAL","SPMT","","PG02 D5","SUSX"
"Sheet1","142","Susx Plc","PG02_D04","PG02 D04","1","Desk","Flat","LOCAL","SPMT","","PG02 D4","SUSX"
"Sheet1","143","Susx Plc","PG02_D03","PG02 D03","1","Desk","Flat","LOCAL","SPMT","","PG02 D3","SUSX"
"Sheet1","144","Susx Plc","PG02_D02","PG02 D02","1","Desk","Flat","LOCAL","SPMT","","PG02 D2","SUSX"
"Sheet1","145","Susx Plc","PG02_D01","PG02 D01","1","Desk","Flat","LOCAL","SPMT","","PG02 D1","SUSX"
"Sheet1","146","Susx Plc","Park_Restaurant_Suite_2","Park Restaurant Suite 2","81","Buffet","Function","ALL","SPMT","140.18","Park Restaurant 2","SUSX"
"Sheet1","147","Susx Plc","Park_Restaurant_Suite_2","Park Restaurant Suite 2","81","Buffet","Function","ALL","SPMT","","Park Restaurant 2","SUSX"
"Sheet1","148","Susx Plc","Park_Restaurant_Suite_1","Park Restaurant Suite 1","63","Buffet","Function","ALL","SPMT","108.32","Park Restaurant 1","SUSX"
"Sheet1","149","Susx Plc","Park_Restaurant_Suite_1","Park Restaurant Suite 1","63","Buffet","Function","ALL","SPMT","","Park Restaurant 1","SUSX"
"Sheet1","150","Susx Plc","P334","P334 Meeting Room","4","MEET","Flat","LOCAL","SPMT","","P334 HR (4)","SUSX"
"Sheet1","151","Susx Plc","P332_3_D12","P332-3 D12","1","Desk","Flat","LOCAL","SPMT","","P332-3 D12","SUSX"
"Sheet1","152","Susx Plc","P332_3_D11","P332-3 D11","1","Desk","Flat","LOCAL","SPMT","","P332-3 D11","SUSX"
"Sheet1","153","Susx Plc","P332_3_D10","P332-3 D10","1","Desk","Flat","LOCAL","SPMT","","P332-3 D10","SUSX"
"Sheet1","154","Susx Plc","P332_3_D09","P332-3 D09","1","Desk","Flat","LOCAL","SPMT","","P332-3 D9","SUSX"
"Sheet1","155","Susx Plc","P332_3_D08","P332-3 D08","1","Desk","Flat","LOCAL","SPMT","","P332-3 D8","SUSX"
"Sheet1","156","Susx Plc","P332_3_D07","P332-3 D07","1","Desk","Flat","LOCAL","SPMT","","P332-3 D7","SUSX"
"Sheet1","157","Susx Plc","P332_3_D06","P332-3 D06","1","Desk","Flat","LOCAL","SPMT","","P332-3 D6","SUSX"
"Sheet1","158","Susx Plc","P332_3_D05","P332-3 D05","1","Desk","Flat","LOCAL","SPMT","","P332-3 D5","SUSX"
"Sheet1","159","Susx Plc","P332_3_D04","P332-3 D04","1","Desk","Flat","LOCAL","SPMT","","P332-3 D4","SUSX"
"Sheet1","160","Susx Plc","P332_3_D03","P332-3 D03","1","Desk","Flat","LOCAL","SPMT","","P332-3 D3","SUSX"
"Sheet1","161","Susx Plc","P332_3_D02","P332-3 D02","1","Desk","Flat","LOCAL","SPMT","","P332-3 D2","SUSX"
"Sheet1","162","Susx Plc","P332_3_D01","P332-3 D01","1","Desk","Flat","LOCAL","SPMT","","P332-3 D1","SUSX"
"Sheet1","163","Susx Plc","P303","P303 Meeting Room","4","MEET","Flat","LOCAL","SPMT","","P303 HR (4)","SUSX"
"Sheet1","164","Susx Plc","P301_D04","P301 D4","1","Desk","Flat","LOCAL","SPMT","","P301 D4","SUSX"
"Sheet1","165","Susx Plc","P301_D03","P301 D3","1","Desk","Flat","LOCAL","SPMT","","P301 D3","SUSX"
"Sheet1","166","Susx Plc","P301_D02","P301 D2","1","Desk","Flat","LOCAL","SPMT","","P301 D2","SUSX"
"Sheet1","167","Susx Plc","P301_D01","P301 D1","1","Desk","Flat","LOCAL","SPMT","","P301 D1","SUSX"
"Sheet1","168","Susx Plc","P123","P123 Seminar Room","8","SEMINAR","Flat","STUDENT/STAFF","SPMT","","P123 (8)","SUSX"
"Sheet1","169","Susx Plc","P122","P122 Seminar Room","8","SEMINAR","Flat","STUDENT/STAFF","SPMT","","P122 (8)","SUSX"
"Sheet1","170","Susx Plc","P121","P121 Seminar Room","8","SEMINAR","Flat","STUDENT/STAFF","SPMT","","P121 (8)","SUSX"
"Sheet1","171","Susx Plc","P120","P120 Seminar Room","8","SEMINAR","Flat","STUDENT/STAFF","SPMT","","P120 (8)","SUSX"
"Sheet1","172","Susx Plc","P119","P119 Seminar Room","6","SEMINAR","Flat","STUDENT/STAFF","SPMT","","P119 (6)","SUSX"
"Sheet1","173","Susx Plc","P118","P118 Seminar Room","6","SEMINAR","Flat","STUDENT/STAFF","SPMT","","P118 (6)","SUSX"
"Sheet1","174","Susx Plc","P117","P117 Seminar Room","8","SEMINAR","Flat","STUDENT/STAFF","SPMT","","P117 (8)","SUSX"
"Sheet1","175","Susx Plc","P116","P116 Seminar Room","8","SEMINAR","Flat","STUDENT/STAFF","SPMT","","P116 (8)","SUSX"
"Sheet1","176","Susx Plc","P115","P115 Seminar Room","8","SEMINAR","Flat","STUDENT/STAFF","SPMT","","P115 (8)","SUSX"
"Sheet1","177","Susx Plc","P114","P114 Seminar Room","8","SEMINAR","Flat","STUDENT/STAFF","SPMT","","P114 (8)","SUSX"
"Sheet1","178","Susx Plc","P113","P113 Seminar Room","8","SEMINAR","Flat","STUDENT/STAFF","SPMT","","P113 (8)","SUSX"
"Sheet1","179","Susx Plc","P111","P111 IT Meeting Room","6","MEET","Flat","LOCAL","SPMT","","P111 IT (6)","SUSX"
"Sheet1","180","Susx Plc","P110","P110 Seminar Room","8","SEMINAR","Flat","STUDENT/STAFF","SPMT","","P110 (8)","SUSX"
"Sheet1","181","Susx Plc","P109","P109 Seminar Room","6","SEMINAR","Flat","STUDENT/STAFF","SPMT","","P109 (6)","SUSX"
"Sheet1","182","Susx Plc","P108","P108 Seminar Room","8","SEMINAR","Flat","STUDENT/STAFF","SPMT","0","P108 (8)","SUSX"
"Sheet1","183","Susx Plc","P107","P107 Seminar Room","6","SEMINAR","Flat","STUDENT/STAFF","SPMT","","P107 (6)","SUSX"
"Sheet1","184","Susx Plc","P106","P106 Seminar Room","8","SEMINAR","Flat","STUDENT/STAFF","SPMT","","P106 (8)","SUSX"
"Sheet1","185","Susx Plc","P105","P105 Seminar Room","6","SEMINAR","Flat","STUDENT/STAFF","SPMT","","P105 (6)","SUSX"
"Sheet1","186","Susx Plc","P104","P104 Seminar Room","8","SEMINAR","Flat","STUDENT/STAFF","SPMT","","P104 (8)","SUSX"
"Sheet1","187","Susx Plc","P103","P103 Seminar Room","6","SEMINAR","Flat","STUDENT/STAFF","SPMT","0","P103 (6)","SUSX"
"Sheet1","188","Susx Plc","P102","P102 Flat Floor","18","Boardroom","Flat","SPMT","SPMT","0","P102 (20)","SUSX"
"Sheet1","189","Susx Plc","P101","P101 Flat Floor","18","Boardroom","Flat","SPMT","SPMT","0","P101 (20)","SUSX"
"Sheet1","190","Susx Plc","o/s_WLT","Outside Wolfson Lecture Theatre","15","FCTN","Function","DPO","SPMT","","o/s Wolfson (15)","SUSX"
"Sheet1","191","Susx Plc","o/s_Transmed","Outside Transmed LT","15","FCTN","Function","EXEC","SPMT","","o/s Transmed (15)","SUSX"
"Sheet1","192","NB","o/s_RHall","Outside Rec Hall (former Conference Room)","10","LOBBY","Function","ALL","SPMT","","o/s Rec Hall (10)","SUSX"
"Sheet1","193","NB","o/s_Nuffield_Hall","Outside Nuffield Hall","15","FCTN","Function","SPMT","SPMT","0","o/s Nuffield (15)","SUSX"
"Sheet1","194","Susx Plc","o/s_LT3_4_5_6","Outside Lecture Theatres 3,4,5,6","15","FCTN","Function","ALL","SPMT","","o/s LTs 3,4,5,6 (15)","SUSX"
"Sheet1","195","Susx Plc","o/s_LT9","Outside Lecture Theatre 9","15","LOBBY","Function","ALL","SPMT","132.35","o/s LT9 (15)","SUSX"
"Sheet1","196","SOC","o/s_LT18_19","Outside Lecture Theatre 18,19","30","LOBBY","Function","SPMT","SPMT","","o/s LTs 18,19 (30)","SUSX"
"Sheet1","197","NB","o/s_LT12","Outside Lecture Theatre 12","30","LOBBY","Function","ALL","SPMT","","o/s LT12 (30)","SUSX"
"Sheet1","198","Susx Plc","o/s_Gdn_Rm","Outside Garden Room","10","LOBBY","Function","ALL","SPMT","","o/s Gdn Rm (10)","SUSX"
"Sheet1","199","Susx Plc","o/s_ELG01","Outside ELG01","15","FCTN","Flat","EXEC","SPMT","","o/s ELG01 (15)","SUSX"
"Sheet1","200","Susx Plc","o/s_E306","Outside E306","15","FCTN","Flat","EXEC","SPMT","","o/s E306 (15)","SUSX"
"Sheet1","201","NB","NB.3.03","NB.3.03 Meeting Room","6","MEET","Flat","LOCAL","SPMT","","NB.3.03 EXED (6)","SUSX"
"Sheet1","202","NB","NB.3.02_D54_h","NB.3.02 D54 h-adj TechTeam","1","Desk","Flat","LOCAL","SPMT","","NB.3.02 D54 (h) Tech","SUSX"
"Sheet1","203","NB","NB.3.02_D53","NB.3.02 D53 TechTeam","1","Desk","Flat","LOCAL","SPMT","","NB.3.02 D53 (Tech)","SUSX"
"Sheet1","204","NB","NB.3.02_D52","NB.3.02 D52 TechTeam","1","Desk","Flat","LOCAL","SPMT","","NB.3.02 D52 (Tech)","SUSX"
"Sheet1","205","NB","NB.3.02_D51","NB.3.02 D51 TechTeam","1","Desk","Flat","LOCAL","SPMT","","NB.3.02 D51 (Tech)","SUSX"
"Sheet1","206","NB","NB.3.02_D50","NB.3.02 D50 TechTeam","1","Desk","Flat","LOCAL","SPMT","","NB.3.02 D50 (Tech)","SUSX"
"Sheet1","207","NB","NB.3.02_D49_h","NB.3.02 D49 h-adj TechTeam","1","Desk","Flat","LOCAL","SPMT","","NB.3.02 D49 (h) Tech","SUSX"
"Sheet1","208","NB","NB.3.02_D48_h","NB.3.02 D48 h-adj","1","Desk","Flat","LOCAL","SPMT","","NB.3.02 D48 (h)","SUSX"
"Sheet1","209","NB","NB.3.02_D47","NB.3.02 D47","1","Desk","Flat","LOCAL","SPMT","","NB.3.02 D47","SUSX"
"Sheet1","210","NB","NB.3.02_D46","NB.3.02 D46","1","Desk","Flat","LOCAL","SPMT","","NB.3.02 D46","SUSX"
"Sheet1","211","NB","NB.3.02_D45","NB.3.02 D45","1","Desk","Flat","LOCAL","SPMT","","NB.3.02 D45","SUSX"
"Sheet1","212","NB","NB.3.02_D44","NB.3.02 D44","1","Desk","Flat","LOCAL","SPMT","","NB.3.02 D44","SUSX"
"Sheet1","213","NB","NB.3.02_D43_h","NB.3.02 D43 h-adj","1","Desk","Flat","LOCAL","SPMT","","NB.3.02 D43 (h)","SUSX"
"Sheet1","214","NB","NB.3.02_D42_h","NB.3.02 D42 h-adj","1","Desk","Flat","LOCAL","SPMT","","NB.3.02 D42 (h)","SUSX"
"Sheet1","215","NB","NB.3.02_D41","NB.3.02 D41","1","Desk","Flat","LOCAL","SPMT","","NB.3.02 D41","SUSX"
"Sheet1","216","NB","NB.3.02_D40","NB.3.02 D40","1","Desk","Flat","LOCAL","SPMT","","NB.3.02 D40","SUSX"
"Sheet1","217","NB","NB.3.02_D39","NB.3.02 D39","1","Desk","Flat","LOCAL","SPMT","","NB.3.02 D39","SUSX"
"Sheet1","218","NB","NB.3.02_D38","NB.3.02 D38","1","Desk","Flat","LOCAL","SPMT","","NB.3.02 D38","SUSX"
"Sheet1","219","NB","NB.3.02_D37_h","NB.3.02 D37 h-adj","1","Desk","Flat","LOCAL","SPMT","","NB.3.02 D37 (h)","SUSX"
"Sheet1","220","NB","NB.3.02_D36_h","NB.3.02 D36 h-adj","1","Desk","Flat","LOCAL","SPMT","","NB.3.02 D36 (h)","SUSX"
"Sheet1","221","NB","NB.3.02_D35","NB.3.02 D35","1","Desk","Flat","LOCAL","SPMT","","NB.3.02 D35","SUSX"
"Sheet1","222","NB","NB.3.02_D34","NB.3.02 D34","1","Desk","Flat","LOCAL","SPMT","","NB.3.02 D34","SUSX"
"Sheet1","223","NB","NB.3.02_D33","NB.3.02 D33 PA Priority","1","Desk","Flat","LOCAL","SPMT","","NB.3.02 D33 (PA)","SUSX"
"Sheet1","224","NB","NB.3.02_D32","NB.3.02 D32 PA Priority","1","Desk","Flat","LOCAL","SPMT","","NB.3.02 D32 (PA)","SUSX"
"Sheet1","225","NB","NB.3.02_D31_h","NB.3.02 D31 h-adj PA Priority","1","Desk","Flat","LOCAL","SPMT","","NB.3.02 D31 (h) (PA)","SUSX"
"Sheet1","226","NB","NB.3.02_D30_h","NB.3.02 D30 h-adj","1","Desk","Flat","LOCAL","SPMT","","NB.3.02 D30 (h)","SUSX"
"Sheet1","227","NB","NB.3.02_D29","NB.3.02 D29","1","Desk","Flat","LOCAL","SPMT","","NB.3.02 D29","SUSX"
"Sheet1","228","NB","NB.3.02_D28","NB.3.02 D28","1","Desk","Flat","LOCAL","SPMT","","NB.3.02 D28","SUSX"
"Sheet1","229","NB","NB.3.02_D27","NB.3.02 D27","1","Desk","Flat","LOCAL","SPMT","","NB.3.02 D27","SUSX"
"Sheet1","230","NB","NB.3.02_D26","NB.3.02 D26","1","Desk","Flat","LOCAL","SPMT","","NB.3.02 D26","SUSX"
"Sheet1","231","NB","NB.3.02_D25_h","NB.3.02 D25 h-adj","1","Desk","Flat","LOCAL","SPMT","","NB.3.02 D25 (h)","SUSX"
"Sheet1","232","NB","NB.3.02_D24_h","NB.3.02 D24 h-adj","1","Desk","Flat","LOCAL","SPMT","","NB.3.02 D24 (h)","SUSX"
"Sheet1","233","NB","NB.3.02_D23","NB.3.02 D23","1","Desk","Flat","LOCAL","SPMT","","NB.3.02 D23","SUSX"
"Sheet1","234","NB","NB.3.02_D22","NB.3.02 D22","1","Desk","Flat","LOCAL","SPMT","","NB.3.02 D22","SUSX"
"Sheet1","235","NB","NB.3.02_D21","NB.3.02 D21","1","Desk","Flat","LOCAL","SPMT","","NB.3.02 D21","SUSX"
"Sheet1","236","NB","NB.3.02_D20","NB.3.02 D20","1","Desk","Flat","LOCAL","SPMT","","NB.3.02 D20","SUSX"
"Sheet1","237","NB","NB.3.02_D19_h","NB.3.02 D19 h-adj","1","Desk","Flat","LOCAL","SPMT","","NB.3.02 D19 (h)","SUSX"
"Sheet1","238","NB","NB.3.02_D18_h","NB.3.02 D18 h-adj","1","Desk","Flat","LOCAL","SPMT","","NB.3.02 D18 (h)","SUSX"
"Sheet1","239","NB","NB.3.02_D17","NB.3.02 D17","1","Desk","Flat","LOCAL","SPMT","","NB.3.02 D17","SUSX"
"Sheet1","240","NB","NB.3.02_D16","NB.3.02 D16","1","Desk","Flat","LOCAL","SPMT","","NB.3.02 D16","SUSX"
"Sheet1","241","NB","NB.3.02_D15","NB.3.02 D15","1","Desk","Flat","LOCAL","SPMT","","NB.3.02 D15","SUSX"
"Sheet1","242","NB","NB.3.02_D14","NB.3.02 D14","1","Desk","Flat","LOCAL","SPMT","","NB.3.02 D14","SUSX"
"Sheet1","243","NB","NB.3.02_D13_h","NB.3.02 D13 h-adj","1","Desk","Flat","LOCAL","SPMT","","NB.3.02 D13 (h)","SUSX"
"Sheet1","244","NB","NB.3.02_D12_h","NB.3.02 D12 h-adj","1","Desk","Flat","LOCAL","SPMT","","NB.3.02 D12 (h)","SUSX"
"Sheet1","245","NB","NB.3.02_D11","NB.3.02 D11","1","Desk","Flat","LOCAL","SPMT","","NB.3.02 D11","SUSX"
"Sheet1","246","NB","NB.3.02_D10","NB.3.02 D10","1","Desk","Flat","LOCAL","SPMT","","NB.3.02 D10","SUSX"
"Sheet1","247","NB","NB.3.02_D09","NB.3.02 D09","1","Desk","Flat","LOCAL","SPMT","","NB.3.02 D9","SUSX"
"Sheet1","248","NB","NB.3.02_D08","NB.3.02 D08","1","Desk","Flat","LOCAL","SPMT","","NB.3.02 D8","SUSX"
"Sheet1","249","NB","NB.3.02_D07_h","NB.3.02 D07 h-adj","1","Desk","Flat","LOCAL","SPMT","","NB.3.02 D7 (h)","SUSX"
"Sheet1","250","NB","NB.3.02_D06_h","NB.3.02 D06 h-adj","1","Desk","Flat","LOCAL","SPMT","","NB.3.02 D6 (h)","SUSX"
"Sheet1","251","NB","NB.3.02_D05","NB.3.02 D05","1","Desk","Flat","LOCAL","SPMT","","NB.3.02 D5","SUSX"
"Sheet1","252","NB","NB.3.02_D04","NB.3.02 D04","1","Desk","Flat","LOCAL","SPMT","","NB.3.02 D4","SUSX"
"Sheet1","253","NB","NB.3.02_D03","NB.3.02 D03","1","Desk","Flat","LOCAL","SPMT","","NB.3.02 D3","SUSX"
"Sheet1","254","NB","NB.3.02_D02","NB.3.02 D02","1","Desk","Flat","LOCAL","SPMT","","NB.3.02 D2","SUSX"
"Sheet1","255","NB","NB.3.02_D01_h","NB.3.02 D01 h-adj","1","Desk","Flat","LOCAL","SPMT","","NB.3.02 D1 (h)","SUSX"
"Sheet1","256","NB","NB.3.01_T3","NB.3.01 T3","1","MEET","Flat","LOCAL","SPMT","","NB.3.01 T3 (10)","SUSX"
"Sheet1","257","NB","NB.3.01_T2","NB.3.01 T2","4","MEET","Flat","LOCAL","SPMT","","NB.3.01 T2 (4)","SUSX"
"Sheet1","258","NB","NB.3.01_T1","NB.3.01 T1","2","MEET","Flat","LOCAL","SPMT","","NB.3.01 T1 (2)","SUSX"
"Sheet1","259","NB","NB.2.147","NB.2.147 Executive Meeting Room","4","MEET","Flat","SPMT","SPMT","12.16","NB.2.147 (4)","SUSX"
"Sheet1","260","NB","NB.2.12_D30_h","NB.2.12 D30 h-adj","1","Desk","Flat","LOCAL","SPMT","","NB.2.12 D30 (h)","SUSX"
"Sheet1","261","NB","NB.2.12_D29","NB.2.12 D29","1","Desk","Flat","LOCAL","SPMT","","NB.2.12 D29","SUSX"
"Sheet1","262","NB","NB.2.12_D28","NB.2.12 D28","1","Desk","Flat","LOCAL","SPMT","","NB.2.12 D28","SUSX"
"Sheet1","263","NB","NB.2.12_D27_h","NB.2.12 D27 h-adj","1","Desk","Flat","LOCAL","SPMT","","NB.2.12 D27 (h)","SUSX"
"Sheet1","264","NB","NB.2.12_D26_h","NB.2.12 D26 h-adj","1","Desk","Flat","LOCAL","SPMT","","NB.2.12 D26 (h)","SUSX"
"Sheet1","265","NB","NB.2.12_D25","NB.2.12 D25","1","Desk","Flat","LOCAL","SPMT","","NB.2.12 D25","SUSX"
"Sheet1","266","NB","NB.2.12_D24","NB.2.12 D24","1","Desk","Flat","LOCAL","SPMT","","NB.2.12 D24","SUSX"
"Sheet1","267","NB","NB.2.12_D23_h","NB.2.12 D23 h-adj","1","Desk","Flat","LOCAL","SPMT","","NB.2.12 D23 (h)","SUSX"
"Sheet1","268","NB","NB.2.12_D22_h","NB.2.12 D22 h-adj","1","Desk","Flat","LOCAL","SPMT","","NB.2.12 D22 (h)","SUSX"
"Sheet1","269","NB","NB.2.12_D21","NB.2.12 D21","1","Desk","Flat","LOCAL","SPMT","","NB.2.12 D21","SUSX"
"Sheet1","270","NB","NB.2.12_D20","NB.2.12 D20","1","Desk","Flat","LOCAL","SPMT","","NB.2.12 D20","SUSX"
"Sheet1","271","NB","NB.2.12_D19_h","NB.2.12 D19 h-adj","1","Desk","Flat","LOCAL","SPMT","","NB.2.12 D19 (h)","SUSX"
"Sheet1","272","NB","NB.2.12_D18_h","NB.2.12 D18 h-adj","1","Desk","Flat","LOCAL","SPMT","","NB.2.12 D18 (h)","SUSX"
"Sheet1","273","NB","NB.2.12_D17","NB.2.12 D17","1","Desk","Flat","LOCAL","SPMT","","NB.2.12 D17","SUSX"
"Sheet1","274","NB","NB.2.12_D16","NB.2.12 D16","1","Desk","Flat","LOCAL","SPMT","","NB.2.12 D16","SUSX"
"Sheet1","275","NB","NB.2.12_D15","NB.2.12 D15","1","Desk","Flat","LOCAL","SPMT","","NB.2.12 D15","SUSX"
"Sheet1","276","NB","NB.2.12_D14","NB.2.12 D14","1","Desk","Flat","LOCAL","SPMT","","NB.2.12 D14","SUSX"
"Sheet1","277","NB","NB.2.12_D13_h","NB.2.12 D13 h-adj","1","Desk","Flat","LOCAL","SPMT","","NB.2.12 D13 (h)","SUSX"
"Sheet1","278","NB","NB.2.12_D12_h","NB.2.12 D12 h-adj","1","Desk","Flat","LOCAL","SPMT","","NB.2.12 D12 (h)","SUSX"
"Sheet1","279","NB","NB.2.12_D11","NB.2.12 D11","1","Desk","Flat","LOCAL","SPMT","","NB.2.12 D11","SUSX"
"Sheet1","280","NB","NB.2.12_D10_h","NB.2.12 D10 h-adj","1","Desk","Flat","LOCAL","SPMT","","NB.2.12 D10 (h)","SUSX"
"Sheet1","281","NB","NB.2.12_D09_h","NB.2.12 D09 h-adj","1","Desk","Flat","LOCAL","SPMT","","NB.2.12 D9 (h)","SUSX"
"Sheet1","282","NB","NB.2.12_D08","NB.2.12 D08","1","Desk","Flat","LOCAL","SPMT","","NB.2.12 D8","SUSX"
"Sheet1","283","NB","NB.2.12_D07_h","NB.2.12 D07 h-adj","1","Desk","Flat","LOCAL","SPMT","","NB.2.12 D7 (h)","SUSX"
"Sheet1","284","NB","NB.2.12_D06_h","NB.2.12 D06 h-adj","1","Desk","Flat","LOCAL","SPMT","","NB.2.12 D6 (h)","SUSX"
"Sheet1","285","NB","NB.2.12_D05","NB.2.12 D05","1","Desk","Flat","LOCAL","SPMT","","NB.2.12 D5","SUSX"
"Sheet1","286","NB","NB.2.12_D04","NB.2.12 D04","1","Desk","Flat","LOCAL","SPMT","","NB.2.12 D4","SUSX"
"Sheet1","287","NB","NB.2.12_D03","NB.2.12 D03","1","Desk","Flat","LOCAL","SPMT","","NB.2.12 D3","SUSX"
"Sheet1","288","NB","NB.2.12_D02","NB.2.12 D02","1","Desk","Flat","LOCAL","SPMT","","NB.2.12 D2","SUSX"
"Sheet1","289","NB","NB.2.12_D01_h","NB.2.12 D01 h-adj","1","Desk","Flat","LOCAL","SPMT","","NB.2.12 D1 (h)","SUSX"
"Sheet1","290","NB","NB.2.11_p","NB.2.11 Meeting Room (PS)","6","MEET","Flat","LOCAL","SPMT","","NB.2.11 ADV (PS) (6)","SUSX"
"Sheet1","291","NB","NB.2.10_p","NB.2.10 Meeting Room (PS)","6","MEET","Flat","LOCAL","SPMT","","NB.2.10 MC (PS) (6)","SUSX"
"Sheet1","292","NB","NB.2.09_D20_h","NB.2.09 D20 h-adj","1","Desk","Flat","LOCAL","SPMT","","NB.2.09 D20 (h)","SUSX"
"Sheet1","293","NB","NB.2.09_D19_m","NB.2.09 D19","1","Desk","Flat","LOCAL","SPMT","","NB.2.09 D19","SUSX"
"Sheet1","294","NB","NB.2.09_D18_m","NB.2.09 D18 mac","1","Desk","Flat","LOCAL","SPMT","","NB.2.09 D18 (m)","SUSX"
"Sheet1","295","NB","NB.2.09_D17_h","NB.2.09 D17 mac h-adj","1","Desk","Flat","LOCAL","SPMT","","NB.2.09 D17 (m h)","SUSX"
"Sheet1","296","NB","NB.2.09_D16_h","NB.2.09 D16 h-adj","1","Desk","Flat","LOCAL","SPMT","","NB.2.09 D16 (h)","SUSX"
"Sheet1","297","NB","NB.2.09_D15","NB.2.09 D15","1","Desk","Flat","LOCAL","SPMT","","NB.2.09 D15","SUSX"
"Sheet1","298","NB","NB.2.09_D14","NB.2.09 D14","1","Desk","Flat","LOCAL","SPMT","","NB.2.09 D14","SUSX"
"Sheet1","299","NB","NB.2.09_D13_h","NB.2.09 D13 h-adj","1","Desk","Flat","LOCAL","SPMT","","NB.2.09 D13 (h)","SUSX"
"Sheet1","300","NB","NB.2.09_D12_h","NB.2.09 D12 h-adj","1","Desk","Flat","LOCAL","SPMT","","NB.2.09 D12 (h)","SUSX"
"Sheet1","301","NB","NB.2.09_D11","NB.2.09 D11","1","Desk","Flat","LOCAL","SPMT","","NB.2.09 D11","SUSX"
"Sheet1","302","NB","NB.2.09_D10","NB.2.09 D10","1","Desk","Flat","LOCAL","SPMT","","NB.2.09 D10","SUSX"
"Sheet1","303","NB","NB.2.09_D09","NB.2.09 D09","1","Desk","Flat","LOCAL","SPMT","","NB.2.09 D9","SUSX"
"Sheet1","304","NB","NB.2.09_D08","NB.2.09 D08","1","Desk","Flat","LOCAL","SPMT","","NB.2.09 D8","SUSX"
"Sheet1","305","NB","NB.2.09_D07_h","NB.2.09 D07 h-adj","1","Desk","Flat","LOCAL","SPMT","","NB.2.09 D7 (h)","SUSX"
"Sheet1","306","NB","NB.2.09_D06","NB.2.09 D06","1","Desk","Flat","LOCAL","SPMT","","NB.2.09 D6","SUSX"
"Sheet1","307","NB","NB.2.09_D05","NB.2.09 D05","1","Desk","Flat","LOCAL","SPMT","","NB.2.09 D5","SUSX"
"Sheet1","308","NB","NB.2.09_D04","NB.2.09 D04","1","Desk","Flat","LOCAL","SPMT","","NB.2.09 D4","SUSX"
"Sheet1","309","NB","NB.2.09_D03","NB.2.09 D03","1","Desk","Flat","LOCAL","SPMT","","NB.2.09 D3","SUSX"
"Sheet1","310","NB","NB.2.09_D02","NB.2.09 D02","1","Desk","Flat","LOCAL","SPMT","","NB.2.09 D2","SUSX"
"Sheet1","311","NB","NB.2.09_D01_h","NB.2.09 D01 h-adj","1","Desk","Flat","LOCAL","SPMT","","NB.2.09 D1 (h)","SUSX"
"Sheet1","312","NB","NB.2.07_8","NB.2.07 & 8 Executive Lounge & Dining Room","12","Boardroom","Flat","SPMT","SPMT","","Exec Lounge (12)","SUSX"
"Sheet1","313","NB","NB.2.06","NB.2.06 Executive Group Room","6","SEMINAR","Flat","STAFF","SPMT","13.85","NB.2.06 (6)","SUSX"
"Sheet1","314","NB","NB.2.05","NB.2.05 Executive Group Room","8","SEMINAR","Flat","STAFF","SPMT","22.94","NB.2.05 (8)","SUSX"
"Sheet1","315","NB","NB.2.04","NB.2.04 Executive Group Room","8","SEMINAR","Flat","STAFF","SPMT","23.94","NB.2.04 (6)","SUSX"
"Sheet1","316","NB","NB.2.03","NB.2.03 Executive Group Room","8","SEMINAR","Flat","STAFF","SPMT","24.78","NB.2.03 (8)","SUSX"
"Sheet1","317","NB","NB.2.02","NB.2.02 Executive Group Room","8","SEMINAR","Flat","STAFF","SPMT","15.11","NB.2.02 (8)","SUSX"
"Sheet1","318","NB","NB.2.01","NB.2.01 Executive Group Room","6","SEMINAR","Flat","STAFF","SPMT","17.71","NB.2.01 (6)","SUSX"
"Sheet1","319","NB","NB.1.14_Pod2","NB.1.14 Pod2","2","MEET","Flat","LOCAL","SPMT","","NB.1.14 Pod2 (2)","SUSX"
"Sheet1","320","NB","NB.1.14_Pod1","NB.1.14 Pod1","2","MEET","Flat","LOCAL","SPMT","","NB.1.14 Pod1 (2)","SUSX"
"Sheet1","321","NB","NB.1.13_T4_p","NB.1.13 T4 (PS)","6","MEET","Flat","LOCAL","SPMT","","NB.1.13 T4 (PS) (6)","SUSX"
"Sheet1","322","NB","NB.1.13_T3","NB.1.13 T3","4","MEET","Flat","LOCAL","SPMT","","NB.1.13 T3 (4)","SUSX"
"Sheet1","323","NB","NB.1.13_T2","NB.1.13 T2","4","MEET","Flat","LOCAL","SPMT","","NB.1.13 T2 (4)","SUSX"
"Sheet1","324","NB","NB.1.13_T1_p","NB.1.13 T1 (PS)","6","MEET","Flat","LOCAL","SPMT","","NB.2.11 T1 (PS) (6)","SUSX"
"Sheet1","325","NB","NB.1.13_D12","NB.1.13 D12 no IT","1","MEET","Flat","LOCAL","SPMT","","NB.1.13 D12 (no IT)","SUSX"
"Sheet1","326","NB","NB.1.13_D11","NB.1.13 D11 no IT","1","MEET","Flat","LOCAL","SPMT","","NB.1.13 D11 (no IT)","SUSX"
"Sheet1","327","NB","NB.1.13_D10","NB.1.13 D10 no IT","1","MEET","Flat","LOCAL","SPMT","","NB.1.13 D10 (no IT)","SUSX"
"Sheet1","328","NB","NB.1.13_D09","NB.1.13 D09 no IT","1","MEET","Flat","LOCAL","SPMT","","NB.1.13 D9 (no IT)","SUSX"
"Sheet1","329","NB","NB.1.13_D08","NB.1.13 D08 no IT","1","MEET","Flat","LOCAL","SPMT","","NB.1.13 D8 (no IT)","SUSX"
"Sheet1","330","NB","NB.1.13_D07","NB.1.13 D07 no IT","1","MEET","Flat","LOCAL","SPMT","","NB.1.13 D7 (no IT)","SUSX"
"Sheet1","331","NB","NB.1.13_D06","NB.1.13 D06 no IT","1","MEET","Flat","LOCAL","SPMT","","NB.1.13 D6 (no IT)","SUSX"
"Sheet1","332","NB","NB.1.13_D05","NB.1.13 D05 no IT","1","MEET","Flat","LOCAL","SPMT","","NB.1.13 D5 (no IT)","SUSX"
"Sheet1","333","NB","NB.1.13_D04","NB.1.13 D04 no IT","1","MEET","Flat","LOCAL","SPMT","","NB.1.13 D4 (no IT)","SUSX"
"Sheet1","334","NB","NB.1.13_D03","NB.1.13 D03 no IT","1","MEET","Flat","LOCAL","SPMT","","NB.1.13 D3 (no IT)","SUSX"
"Sheet1","335","NB","NB.1.13_D02","NB.1.13 D02 no IT","1","MEET","Flat","LOCAL","SPMT","","NB.1.13 D2 (no IT)","SUSX"
"Sheet1","336","NB","NB.1.13_D01","NB.1.13 D01 no IT","1","MEET","Flat","LOCAL","SPMT","","NB.1.13 D1 (no IT)","SUSX"
"Sheet1","337","NB","Comm_Rm","NB.1.12 Committee Room","36","Cabaret","Flat","SPMT","SPMT","","Committee (20)","SUSX"
"Sheet1","338","NB","Nuffield_Hall","NB.1.11 Nuffield Hall","176","Cabaret","Flat","SPMT","SPMT","0","Nuffield (176)","SUSX"
"Sheet1","339","NB","C_Chamber","NB.1.10 Council Chamber","48","Cabaret","Flat","SPMT","SPMT","","Council (20)","SUSX"
"Sheet1","340","NB","NB.1.09","NB.1.09 Executive Group Room (Terrace)","10","SEMINAR","Flat","SPMT","SPMT","41.26","NB.1.09 (10) Terrace","SUSX"
"Sheet1","341","NB","NB.1.08","NB.1.08 Executive Group Room","8","SEMINAR","Flat","STAFF","SPMT","24.36","NB.1.08 (8)","SUSX"
"Sheet1","342","NB","NB.-1.08","NB.-1.08 Classroom (Virtual Studio)","2","SEMINAR","Flat","SPMT","SPMT","","NB.-1.08 (Zoom)","SUSX"
"Sheet1","343","NB","NB.1.07","NB.1.07 Executive Group Room","6","SEMINAR","Flat","STAFF","SPMT","25.58","NB.1.07 (6)","SUSX"
"Sheet1","344","NB","NB.1.06","NB.1.06 Executive Group Room","8","SEMINAR","Flat","STAFF","SPMT","13.14","NB.1.06 (6)","SUSX"
"Sheet1","345","NB","NB.1.05","NB.1.05 Executive Group Room","6","SEMINAR","Flat","STAFF","SPMT","15.55","NB.1.05 (6)","SUSX"
"Sheet1","346","NB","NB.1.04","NB.1.04 Executive Group Room","8","SEMINAR","Flat","STAFF","SPMT","23.4","NB.1.04 (8)","SUSX"
"Sheet1","347","NB","NB.1.03","NB.1.03 Executive Group Room","8","SEMINAR","Flat","STAFF","SPMT","24.5","NB.1.03 (8)","SUSX"
"Sheet1","348","NB","NB.1.02","NB.1.02 Executive Group Room","6","SEMINAR","Flat","STAFF","SPMT","24.66","NB.1.02 (6)","SUSX"
"Sheet1","349","NB","NB.1.01","NB.1.01 Executive Group Room","8","SEMINAR","Flat","STAFF","SPMT","16.22","NB.1.01 (8)","SUSX"
"Sheet1","350","NB","The_Hive","NB.0.18 The Hive","220","ExtLect","Flat","ALL","SPMT","","Rec Hall (20)","SUSX"
"Sheet1","351","NB","NB.0.12","NB.0.12 Executive Group Room","10","SEMINAR","Flat","SPMT","SPMT","24.39","NB.0.12 (10)","SUSX"
"Sheet1","352","NB","NB.0.11","NB.0.11 Executive Group Room","8","SEMINAR","Flat","STAFF","SPMT","19.37","NB.0.11 (8)","SUSX"
"Sheet1","353","NB","NB.0.10","NB.0.10 Executive Group Room","6","SEMINAR","Flat","STAFF","SPMT","19.37","NB.0.10 (6)","SUSX"
"Sheet1","354","NB","NB.0.09","NB.0.09 Executive Group Room","8","SEMINAR","Flat","STAFF","SPMT","15.69","NB.0.09 (8)","SUSX"
"Sheet1","355","NB","NB.0.08","NB.0.08 Executive Group Room","6","SEMINAR","Flat","STAFF","SPMT","23.37","NB.0.08 (6)","SUSX"
"Sheet1","356","NB","NB.0.07","NB.0.07 Executive Group Room","6","SEMINAR","Flat","STAFF","SPMT","25.85","NB.0.07 (6)","SUSX"
"Sheet1","357","NB","NB.0.06","NB.0.06 Executive Group Room","8","SEMINAR","Flat","STAFF","SPMT","26.68","NB.0.06 (8)","SUSX"
"Sheet1","358","NB","NB.0.05","NB.0.05 Executive Group Room","8","SEMINAR","Flat","STAFF","SPMT","16.079999999999998","NB.0.05 (8)","SUSX"
"Sheet1","359","NB","NB.0.04","NB.0.04 Executive Group Room","8","SEMINAR","Flat","STAFF","SPMT","16.12","NB.0.04 (8)","SUSX"
"Sheet1","360","NB","NB.0.03","NB.0.03 Executive Group Room","6","SEMINAR","Flat","STAFF","SPMT","24.98","NB.0.03 (6)","SUSX"
"Sheet1","361","NB","NB.0.02","NB.0.02 Executive Group Room","8","SEMINAR","Flat","STAFF","SPMT","16.72","NB.0.02 (8)","SUSX"
"Sheet1","362","NB","NB.0.01","NB.0.01 Executive Group Room","8","SEMINAR","Flat","STAFF","SPMT","17.98","NB.0.01 (8)","SUSX"
"Sheet1","363","NB","NB_Recptn","NB Reception","4","Reception","Flat","ALL","SPMT","","NB Reception","SUSX"
"Sheet1","364","NB","NB_Patio","NB Patio Area","40","FCTN","Function","ALL","SPMT","169","NB Patio","SUSX"
"Sheet1","365","NB","LT12","NB Lecture Theatre 12","80","LECT","Tiered","ALL","SPMT","","LT12 (80+FA)","SUSX"
"Sheet1","366","Susx Plc","The_Nash_Lounge","Nash Lounge","130","Buffet","Function","SPMT","SPMT","153.44999999999999","Nash Lounge","SUSX"
"Sheet1","367","Susx Plc","Quad_Lower","Lower Quad Area","150","FCTN","Function","ALL","SPMT","","Lower Quad","SUSX"
"Sheet1","368","Susx Plc","Lower_Nash_Lounge","Lower Nash Lounge","50","Buffet","Function","SPMT","SPMT","146.81","Lower Nash","SUSX"
"Sheet1","369","SOC","SO.L1.102","Lower Link Bridge","60","Standing","Function","SPMT","SPMT","","Lower Link Bridge","SUSX"
"Sheet1","370","Susx Plc","LHG01","LHG01 Meeting Room (Park side)","16","MEET","Flat","SPMT","SPMT","","LHG01 (16) Park","SUSX"
"Sheet1","371","Susx Plc","RG06","Lecture Theatre RG06","41","LECT","Tiered","EXEC","SPMT","88.58","LT RG06 (39/41+FA)","SUSX"
"Sheet1","372","Susx Plc","LT9","Lecture Theatre 9","80","LECT","Tiered","DPO","SPMT","131.5","LT9 (80+FA)","SUSX"
"Sheet1","373","Susx Plc","LT7","Lecture Theatre 7","93","LECT","Tiered","DPO","SPMT","125.68","LT7 (74/93+FA)","SUSX"
"Sheet1","374","Susx Plc","LT6","Lecture Theatre 6","120","LECT","Tiered","DPO","SPMT","187.35","LT6 (103/120+FA)","SUSX"
"Sheet1","375","Susx Plc","LT5","Lecture Theatre 5","47","LECT","Tiered","DPO","SPMT","70.180000000000007","LT5 (43/47+FA)","SUSX"
"Sheet1","376","Susx Plc","LT4","Lecture Theatre 4","55","LECT","Tiered","DPO","SPMT","75.819999999999993","LT4 (45/55+FA)","SUSX"
"Sheet1","377","Susx Plc","LT3","Lecture Theatre 3","55","LECT","Tiered","DPO","SPMT","74.73","LT3 (44/55+FA)","SUSX"
"Sheet1","378","Susx Plc","LT2","Lecture Theatre 2","45","LECT","Tiered","EXEC","SPMT","79.31","LT2 (45+FA)","SUSX"
"Sheet1","379","Susx Plc","LT10","Lecture Theatre 10","81","LECT","Tiered","DPO","SPMT","132.35","LT10 (81+FA)","SUSX"
"Sheet1","380","Susx Plc","LT1","Lecture Theatre 1","100","LECT","Tiered","DPO","SPMT","71.760000000000005","LT1 (100+FA)","SUSX"
"Sheet1","381","Susx Plc","Hs42-G01","Hs42-G01 Meeting Room","6","MEET","Non-cater","SPMT","SPMT","","HS42-G01 (6)","SUSX"
"Sheet1","382","SOC","GPExit","Gloucester Place Exit","1","LOBBY","Flat","SPMT","SPMT","","GPExit","SUSX"
"Sheet1","383","Susx Plc","Garden_Room","Garden Room","72","Buffet","Function","ALL","SPMT","0","Garden Room","SUSX"
"Sheet1","384","Susx Plc","Garden_Room","Garden Room","72","Buffet","Function","ALL","SPMT","0","Garden Room","SUSX"
"Sheet1","385","Susx Plc","Lawn_Nash","Front Lawn (Nash End)","150","MULTI-FTN","Flat","ALL","SPMT","","Front Lawn (Nash)","SUSX"
"Sheet1","386","Susx Plc","Lawn_Gdn_Rm","Front Lawn (Garden Room End)","150","MULTI-FTN","Flat","ALL","SPMT","","Front Lawn (Gdn Rm)","SUSX"
"Sheet1","387","Susx Plc","Lawn_Centre","Front Lawn (Centre Circle)","150","MULTI-FTN","Flat","ALL","SPMT","","Front Lawn (Centre)","SUSX"
"Sheet1","388","Susx Plc","Fairbairn","Fairbairn Room","24","Boardroom","Flat","EXEC","SPMT","93.99","Fairbairn (36)","SUSX"
"Sheet1","389","Susx Plc","ELG05","ELG05 Seminar Room","6","SEMINAR","Flat","SPMT","SPMT","21.53","ELG05 (6)","SUSX"
"Sheet1","390","Susx Plc","ELG04","ELG04 Seminar Room","6","SEMINAR","Flat","SPMT","SPMT","23.06","ELG04 (6)","SUSX"
"Sheet1","391","Susx Plc","ELG03","ELG03 Seminar Room","6","SEMINAR","Flat","SPMT","SPMT","22.23","ELG03 (6)","SUSX"
"Sheet1","392","Susx Plc","ELG02","ELG02 Seminar Room","6","SEMINAR","Flat","SPMT","SPMT","21.95","ELG02 (6)","SUSX"
"Sheet1","393","Susx Plc","ELG01","ELG01 Flat Floor","42","Cabaret","Flat","EXEC","SPMT","112.21","ELG01 (42)","SUSX"
"Sheet1","394","Susx Plc","EG06","EG06 Seminar Room","6","SEMINAR","Flat","STUDENT/STAFF","SPMT","21.39","EG06 (6)","SUSX"
"Sheet1","395","Susx Plc","EG05","EG05 Seminar Room","6","SEMINAR","Flat","STUDENT/STAFF","SPMT","22.5","EG05 (6)","SUSX"
"Sheet1","396","Susx Plc","EG04","EG04 Seminar Room","6","SEMINAR","Flat","STUDENT/STAFF","SPMT","22.97","EG04 (6)","SUSX"
"Sheet1","397","Susx Plc","EG03","EG03 Seminar Room","6","SEMINAR","Flat","STUDENT/STAFF","SPMT","22.76","EG03 (6)","SUSX"
"Sheet1","398","Susx Plc","EG02","EG02 Seminar Room","6","SEMINAR","Flat","STUDENT/STAFF","SPMT","22.39","EG02 (6)","SUSX"
"Sheet1","399","Susx Plc","EG01","EG01 Seminar Room","6","SEMINAR","Flat","STUDENT/STAFF","SPMT","24.75","EG01 (6)","SUSX"
"Sheet1","400","Susx Plc","E306","E306 Flat Floor","42","Cabaret","Flat","SPMT","SPMT","42.29","E306 (42)","SUSX"
"Sheet1","401","Susx Plc","E305","E305 Seminar Room","5","SEMINAR","Flat","SPMT","SPMT","20.260000000000002","E305 (5)","SUSX"
"Sheet1","402","Susx Plc","E304","E304 Seminar Room","5","SEMINAR","Flat","SPMT","SPMT","20.11","E304 (5)","SUSX"
"Sheet1","403","Susx Plc","E303","E303 Seminar Room","5","SEMINAR","Flat","SPMT","SPMT","20.2","E303 (5)","SUSX"
"Sheet1","404","Susx Plc","E302","E302 Seminar Room","5","SEMINAR","Flat","SPMT","SPMT","19.96","E302 (5)","SUSX"
"Sheet1","405","Susx Plc","E301","E301 Seminar Room","5","SEMINAR","Flat","SPMT","SPMT","20.04","E301 (5)","SUSX"
"Sheet1","406","Susx Plc","E300-D4","E300 Desk 4","1","PM Desk","Flat","SPMT","EXECED","","E300-D4","SUSX"
"Sheet1","407","Susx Plc","E300-D3","E300 Desk 3","1","PM Desk","Flat","SPMT","EXECED","","E300-D3","SUSX"
"Sheet1","408","Susx Plc","E300-D2","E300 Desk 2","1","PM Desk","Flat","SPMT","EXECED","","E300-D2","SUSX"
"Sheet1","409","Susx Plc","E300-D1","E300 Desk 1","1","PM Desk","Flat","SPMT","EXECED","","E300-D1","SUSX"
"Sheet1","410","Susx Plc","E207","E207 Seminar Room","6","SEMINAR","Flat","SPMT","SPMT","22.7","E207 (6)","SUSX"
"Sheet1","411","Susx Plc","E206","E206 Seminar Room","6","SEMINAR","Flat","SPMT","SPMT","22.27","E206 (6)","SUSX"
"Sheet1","412","Susx Plc","E205","E205 Seminar Room","6","SEMINAR","Flat","SPMT","SPMT","22.53","E205 (6)","SUSX"
"Sheet1","413","Susx Plc","E204","E204 Seminar Room","6","SEMINAR","Flat","SPMT","SPMT","22.31","E204 (6)","SUSX"
"Sheet1","414","Susx Plc","E203","E203 Seminar Room","6","SEMINAR","Flat","SPMT","SPMT","24.6","E203 (6)","SUSX"
"Sheet1","415","Susx Plc","E202","E202 Flat Floor","22","Boardroom","Flat","SPMT","SPMT","69.89","E202 (30)","SUSX"
"Sheet1","416","Susx Plc","E106","E106 Seminar Room","6","SEMINAR","Flat","SPMT","SPMT","21.52","E106 (6)","SUSX"
"Sheet1","417","Susx Plc","E105","E105 Seminar Room","6","SEMINAR","Flat","SPMT","SPMT","22.39","E105 (6)","SUSX"
"Sheet1","418","Susx Plc","E104","E104 Seminar Room","6","SEMINAR","Flat","SPMT","SPMT","22.48","E104 (6)","SUSX"
"Sheet1","419","Susx Plc","E103","E103 Seminar Room","6","SEMINAR","Flat","SPMT","SPMT","22.49","E103 (6)","SUSX"
"Sheet1","420","Susx Plc","E102","E102 Seminar Room","6","SEMINAR","Flat","SPMT","SPMT","22.29","E102 (6)","SUSX"
"Sheet1","421","Susx Plc","E101","E101 Seminar Room","6","SEMINAR","Flat","SPMT","SPMT","24.51","E101 (6)","SUSX"
"Sheet1","422","Susx Plc","E_Wing_Lounge","E Wing Lounge","60","Buffet","Function","EXEC","SPMT","","E Wing Lounge","SUSX"
"Sheet1","423","Susx Plc","E_Wing_Lounge","E Wing Lounge","80","Standing","Function","EXEC","SPMT","0","E Wing Lounge","SUSX"
"Sheet1","424","Susx Plc","E_Foyer","E Wing Foyer Reception","4","Reception","Flat","SPMT","SPMT","","E Wing Foyer","SUSX"
"Sheet1","425","Susx Plc","Dining_Room","Dining Room","118","Buffet","Function","ALL","SPMT","0","Dining Room","SUSX"
"Sheet1","426","Susx Plc","DG06","DG06 Seminar Room","5","SEMINAR","Flat","SPMT","SPMT","","DG06 (5)","SUSX"
"Sheet1","427","Susx Plc","DG05","DG05 Seminar Room","5","SEMINAR","Flat","STUDENT/STAFF","SPMT","","DG05 (5)","SUSX"
"Sheet1","428","Susx Plc","DG04","DG04 Seminar Room","4","SEMINAR","Flat","STUDENT/STAFF","SPMT","","DG04 (4)","SUSX"
"Sheet1","429","Susx Plc","DG03","DG03 Seminar Room","5","SEMINAR","Flat","SPMT","SPMT","","DG03 (5)","SUSX"
"Sheet1","430","Susx Plc","DG02","DG02 Seminar Room","5","SEMINAR","Flat","SPMT","SPMT","","DG02 (5)","SUSX"
"Sheet1","431","Susx Plc","DG01","DG01 Seminar Room","5","SEMINAR","Flat","STUDENT/STAFF","SPMT","","DG01 (5)","SUSX"
"Sheet1","432","Susx Plc","D202","D202 Meeting Room","4","MEET","Flat","LOCAL","SPMT","","D202 CS (4)","SUSX"
"Sheet1","433","Susx Plc","D103_D08","D103 D8","1","Desk","Flat","LOCAL","SPMT","","D103 D8","SUSX"
"Sheet1","434","Susx Plc","D103_D07","D103 D7","1","Desk","Flat","LOCAL","SPMT","","D103 D7","SUSX"
"Sheet1","435","Susx Plc","D103_D06","D103 D6","1","Desk","Flat","LOCAL","SPMT","","D103 D6","SUSX"
"Sheet1","436","Susx Plc","D103_D05","D103 D5","1","Desk","Flat","LOCAL","SPMT","","D103 D5","SUSX"
"Sheet1","437","Susx Plc","D103_D04","D103 D4","1","Desk","Flat","LOCAL","SPMT","","D103 D4","SUSX"
"Sheet1","438","Susx Plc","D103_D03","D103 D3","1","Desk","Flat","LOCAL","SPMT","","D103 D3","SUSX"
"Sheet1","439","Susx Plc","D103_D02","D103 D2","1","Desk","Flat","LOCAL","SPMT","","D103 D2","SUSX"
"Sheet1","440","Susx Plc","D103_D01","D103 D1","1","Desk","Flat","LOCAL","SPMT","","D103 D1","SUSX"
"Sheet1","441","Susx Plc","PLG01","Collaborative Learning Classroom","112","CLC","Flat","SPMT","SPMT","0","CLC (112)","SUSX"
"Sheet1","442","Susx Plc","PLG01","Collaborative Learning Classroom","1","CLC-TBL","Flat","STUDENT/STAFF","SPMT","0","CLC (112)","SUSX"
"Sheet1","443","Susx Plc","PLG01","Collaborative Learning Classroom","1","CLC-TBL","Flat","STUDENT/STAFF","SPMT","0","CLC (112)","SUSX"
"Sheet1","444","Susx Plc","PLG01","Collaborative Learning Classroom","1","CLC-TBL","Flat","STUDENT/STAFF","SPMT","0","CLC (112)","SUSX"
"Sheet1","445","Susx Plc","PLG01","Collaborative Learning Classroom","1","CLC-TBL","Flat","STUDENT/STAFF","SPMT","0","CLC (112)","SUSX"
"Sheet1","446","Susx Plc","PLG01","Collaborative Learning Classroom","1","CLC-TBL","Flat","STUDENT/STAFF","SPMT","0","CLC (112)","SUSX"
"Sheet1","447","Susx Plc","PLG01","Collaborative Learning Classroom","1","CLC-TBL","Flat","STUDENT/STAFF","SPMT","0","CLC (112)","SUSX"
"Sheet1","448","Susx Plc","PLG01","Collaborative Learning Classroom","1","CLC-TBL","Flat","STUDENT/STAFF","SPMT","0","CLC (112)","SUSX"
"Sheet1","449","Susx Plc","PLG01","Collaborative Learning Classroom","1","CLC-TBL","Flat","STUDENT/STAFF","SPMT","0","CLC (112)","SUSX"
"Sheet1","450","Susx Plc","PLG01","Collaborative Learning Classroom","1","CLC-TBL","Flat","STUDENT/STAFF","SPMT","0","CLC (112)","SUSX"
"Sheet1","451","Susx Plc","PLG01","Collaborative Learning Classroom","1","CLC-TBL","Flat","STUDENT/STAFF","SPMT","0","CLC (112)","SUSX"
"Sheet1","452","Susx Plc","PLG01","Collaborative Learning Classroom","1","CLC-TBL","Flat","STUDENT/STAFF","SPMT","0","CLC (112)","SUSX"
"Sheet1","453","Susx Plc","PLG01","Collaborative Learning Classroom","1","CLC-TBL","Flat","STUDENT/STAFF","SPMT","0","CLC (112)","SUSX"
"Sheet1","454","Susx Plc","PLG01","Collaborative Learning Classroom","1","CLC-TBL","Flat","STUDENT/STAFF","SPMT","0","CLC (112)","SUSX"
"Sheet1","455","Susx Plc","PLG01","Collaborative Learning Classroom","1","CLC-TBL","Flat","STUDENT/STAFF","SPMT","0","CLC (112)","SUSX"
"Sheet1","456","Susx Plc","PLG01","Collaborative Learning Classroom","1","CLC-TBL","Flat","STUDENT/STAFF","SPMT","0","CLC (112)","SUSX"
"Sheet1","457","Susx Plc","PLG01","Collaborative Learning Classroom","1","CLC-TBL","Flat","STUDENT/STAFF","SPMT","0","CLC (112)","SUSX"
"Sheet1","458","Susx Plc","CG04","CG04 Seminar Room","6","SEMINAR","Flat","SPMT","SPMT","","CG04 (6)","SUSX"
"Sheet1","459","Susx Plc","CG03","CG03 Seminar Room","6","SEMINAR","Flat","STUDENT/STAFF","SPMT","0","CG03 (6)","SUSX"
"Sheet1","460","Susx Plc","CG02","CG02 Seminar Room","6","SEMINAR","Flat","SPMT","SPMT","","CG02 (6)","SUSX"
"Sheet1","461","Susx Plc","CG01","CG01 Seminar Room","6","SEMINAR","Flat","SPMT","SPMT","","CG01 (6)","SUSX"
"Sheet1","462","Susx Plc","C301","C301 Meeting Room","5","MEET","Flat","LOCAL","SPMT","","C301 CS (5)","SUSX"
"Sheet1","463","Susx Plc","B128_9","B128_9 Seminar Room","10","SEMINAR","Flat","SPMT","SPMT","","B128_9 (10)","SUSX"
"Sheet1","464","Susx Plc","B104_5","B104_5 Meeting Room (Park side)","12","MEET","Flat","SPMT","SPMT","","B104_5 (12) Park","SUSX"
"Sheet1","465","Susx Plc","B102_3","B102_3 IT Training Room (Park side)","6","PC LAB","Flat","SPMT","SPMT","","B102_3 IT (6) Park","SUSX"
"Sheet1","466","Susx Plc","AG16","AG16 Seminar Room (Park side)","6","SEMINAR","Flat","STUDENT/STAFF","SPMT","12.38","AG16 (6) Park","SUSX"
"Sheet1","467","Susx Plc","AG15","AG15 Seminar Room (Park side)","6","SEMINAR","Flat","STUDENT/STAFF","SPMT","12.36","AG15 (6) Park","SUSX"
"Sheet1","468","Susx Plc","AG14","AG14 Seminar Room (Park side)","6","SEMINAR","Flat","STUDENT/STAFF","SPMT","12.45","AG14 (6) Park","SUSX"
"Sheet1","469","Susx Plc","AG13","AG13 Seminar Room (Park side)","6","SEMINAR","Flat","STUDENT/STAFF","SPMT","12.31","AG13 (6) Park","SUSX"
"Sheet1","470","Susx Plc","AG12","AG12 Seminar Room (Park side)","6","SEMINAR","Flat","STUDENT/STAFF","SPMT","12.15","AG12 (6) Park","SUSX"
"Sheet1","471","Susx Plc","AG11","AG11 Seminar Room (Park side)","6","SEMINAR","Flat","STUDENT/STAFF","SPMT","12.09","AG11 (6) Park","SUSX"
"Sheet1","472","Susx Plc","AG10","AG10 Seminar Room (Park side)","6","SEMINAR","Flat","STUDENT/STAFF","SPMT","12.54","AG10 (6) Park","SUSX"
"Sheet1","473","Susx Plc","AG09","AG09 Seminar Room","6","SEMINAR","Flat","STUDENT/STAFF","SPMT","11.15","AG09 (6)","SUSX"
"Sheet1","474","Susx Plc","AG08","AG08 Seminar Room","6","SEMINAR","Flat","STUDENT/STAFF","SPMT","11.15","AG08 (6)","SUSX"
"Sheet1","475","Susx Plc","AG07","AG07 Seminar Room","6","SEMINAR","Flat","STUDENT/STAFF","SPMT","","AG07 (6)","SUSX"
"Sheet1","476","Susx Plc","AG06","AG06 Seminar Room","6","SEMINAR","Flat","STUDENT/STAFF","SPMT","","AG06 (6)","SUSX"
"Sheet1","477","Susx Plc","AG05","AG05 Seminar Room","6","SEMINAR","Flat","STUDENT/STAFF","SPMT","10.45","AG05 (6)","SUSX"
"Sheet1","478","Susx Plc","AG04","AG04 Seminar Room","6","SEMINAR","Flat","STUDENT/STAFF","SPMT","10.38","AG04 (6)","SUSX"
"Sheet1","479","Susx Plc","AG03","AG03 Seminar Room","6","SEMINAR","Flat","STUDENT/STAFF","SPMT","","AG03 (6)","SUSX"
"Sheet1","480","Susx Plc","AG02","AG02 Seminar Room","6","SEMINAR","Flat","STUDENT/STAFF","SPMT","","AG02 (6)","SUSX"
"Sheet1","481","Susx Plc","AG01","AG01 Seminar Room","6","SEMINAR","Flat","STUDENT/STAFF","SPMT","9.7100000000000009","AG01 (6)","SUSX"
"Sheet1","482","Susx Plc","A127","A127 Seminar Room (Park side)","16","SEMINAR","Flat","SPMT","SPMT","35.11","A127 (16) Park","SUSX"
"Sheet1","483","Susx Plc","A106","A106 Interview Room","6","CORP","Flat","SPMT","SPMT","17.48","A106 (6) Interview","SUSX"
"Sheet1","484","Susx Plc","A105","A105 Interview Room","6","CORP","Flat","SPMT","SPMT","17.48","A105 (6) Interview","SUSX"
"Sheet1","485","Susx Plc","A104","A104 Interview Room","6","CORP","Flat","SPMT","SPMT","17.48","A104 (6) Interview","SUSX"
"Sheet1","486","Susx Plc","A103","A103 Interview Room","6","CORP","Flat","SPMT","SPMT","17.48","A103 (6) Interview","SUSX"
"Sheet1","487","Susx Plc","A102","A102 Interview Room","6","CORP","Flat","SPMT","SPMT","","A102 (6) Interview","SUSX"
"Sheet1","488","Susx Plc","A101","A101 Interview Room","6","CORP","Flat","SPMT","SPMT","","A101 (6) Interview","SUSX"
